"Line","Bio_Root_NoP","Bio_Root_YesP","Bio_Shoot_NoP","Bio_Shoot_YesP","Bio_Total_NoP","Bio_Total_YesP","Bio_Root_Diff","Bio_Shoot_Diff","Bio_Total_Diff","Phos_Root_NoP","Phos_Shoot_NoP","Phos_Root_YesP","Phos_Shoot_YesP","Phos_Root_Diff","Phos_Shoot_Diff","RSA_Length_NoP","RSA_Length_YesP","RSA_Tips_NoP","RSA_Tips_YesP","RSA_Volume_NoP","RSA_Volume_YesP","RSA_Depth_NoP","RSA_Depth_YesP","RSA_Diameter_NoP","RSA_Diameter_YesP","RSA_Surface_NoP","RSA_Surface_YesP","RSA_Width_NoP","RSA_Width_YesP","RSA_Length_Diff","RSA_Tips_Diff","RSA_Volume_Diff","RSA_Depth_Diff","RSA_Diameter_Diff","RSA_Surface_Diff","RSA_Width_Diff"
"ILJSINECKIJ-43",116.2,117.5,193,261.5,309.2,379,1.3,68.5,69.8,4.39676002196595,5.65568369028007,15.0774528647263,14.1349762035512,10.6806928427604,8.47929251327113,1068.0576394,978.1503755,202,166.75,431.9059048,513.02942975,119.3729446,104.7838195,0.627954,0.71833375,2082.27965,2177.5171065,110.4547222,117.695486,-89.9072639,-35.25,81.12352495,-14.5891251,0.09037975,95.2374565,7.2407638
"ISIS-GK",151.5,130,185,258,336.5,388,-21.5,73,51.5,5.87806608090793,6.91572853743364,17.0724647629508,11.6358914515834,11.1943986820429,4.72016291414976,1089.15495325,1094.43847925,151.75,159,548.28276375,391.94723275,132.2475695,124.380625,0.701535,0.5707465,2373.9413175,1983.8158675,127.66145825,119.66222225,5.28352599999994,7.25,-156.335531,-7.8669445,-0.1307885,-390.12545,-7.999236
"Imperial",157.75,160.8,239.75,317.6,397.5,478.4,3.05000000000001,77.85,80.9,5.05228354384038,6.88323723228995,16.0476844224785,13.6309719934102,10.9954008786381,6.74773476112025,1259.5368865,1227.9133242,215,203.8,459.84956575,487.1427218,142.857361,143.8910002,0.606627,0.6230872,2399.74929825,2436.1562362,128.984375,124.8198336,-31.6235623,-11.2,27.29315605,1.03363920000001,0.0164601999999999,36.4069379500002,-4.1645414
"MONOLIT",64.25,106.8,192.75,233.4,257,340.2,42.55,40.65,83.2,5.88279418659165,6.88115330520394,17.8320675105485,16.1311767463666,11.9492733239569,9.25002344116266,558.7977915,621.9085128,70.5,39.6,224.962,206.2425402,97.375486,130.2455554,0.62567625,0.610353,1106.759342,1195.0460202,105.25125,116.2896666,63.1107213,-30.9,-18.7194598,32.8700694,-0.01532325,88.2866781999999,11.0384166
"MOSKOVSKII-121",141.6,162.4,252.6,315.2,394.2,477.6,20.8,62.6,83.4,5.39231129864041,4.97430848570089,18.9045475855602,15.2117205813408,13.5122362869198,10.2374120956399,1354.1687096,975.1273546,157.2,77,473.9113572,342.2805032,178.7948332,149.4296112,0.5893488,0.6017114,2523.1260512,1834.6253814,126.4426112,112.649,-379.041355,-80.2,-131.630854,-29.365222,0.0123626,-688.5006698,-13.7936112
"MURSA",70.8,69.6,256.6,253,327.4,322.6,-1.2,-3.60000000000002,-4.79999999999995,5.26649817467004,6.10568192455303,13.8748478891697,12.4079378451746,8.60834971449966,6.30225592062157,778.5940824,609.236702,87,70,386.9299184,327.4179138,97.5783334,76.7785558,0.6364556,0.6582318,1543.2226632,1264.1429102,96.8445554,86.7057222,-169.3573804,-17,-59.5120046,-20.7997776,0.0217762,-279.079753,-10.1388332
"Mv-43",128.5,99.25,237,247.75,365.5,347,-29.25,10.75,-18.5,7.50585041654966,5.88645511560423,16.3936862304596,12.4076804268464,8.88783581390994,6.52122531124217,905.790447,912.28626175,101.75,71,380.6484965,315.82056225,95.72625,94.10347225,0.632616,0.57801675,1794.73531475,1656.41037975,115.67583325,107.0856945,6.49581475000002,-30.75,-64.82793425,-1.62277775,-0.05459925,-138.324935,-8.59013874999999
"NAXON",106,134,241.5,285.333333333333,347.5,419.333333333333,28,43.833333333333,71.833333333333,5.16193953009454,4.08768604324628,21.5271927361228,11.713157976848,16.3652532060283,7.62547193360172,857.10822525,940.708448666667,79,83.3333333333333,280.8948185,328.395625333333,114.7850695,105.586389,0.55962075,0.583543,1499.05026225,1721.08077333333,110.21659725,123.554537,83.6002234166669,4.3333333333333,47.500806833333,-9.19868050000001,0.02392225,222.03051108333,13.33793975
"NOLC-DREGERUV-BOHEMIA",135.8,151.4,259.8,281.4,395.6,432.8,15.6,21.6,37.2,4.07855040470935,4.43736203090508,14.8987306843267,11.4974245768948,10.8201802796174,7.06006254598972,1051.3929084,1132.128101,118.8,134.6,465.5587454,496.0152866,143.2630554,147.1718332,0.6467862,0.6559536,2159.2340168,2345.697545,127.9524998,139.8693332,80.7351926000001,15.8,30.4565412,3.9087778,0.00916740000000005,186.4635282,11.9168334
"NUTANS-244",67.5,87.5,145,242.5,212.5,330,20,97.5,117.5,6.3368501093052,9.92811995057504,13.6291702309666,12.2440832620473,7.2923201216614,2.31596331147226,399.73792775,532.979225,28,43,143.69251775,182.02512475,64.33784725,72.09895825,0.58222325,0.580358,734.56703875,969.3239865,69.2855555,76.473403,133.24129725,15,38.332607,7.761111,-0.00186524999999993,234.75694775,7.1878475
"Nitransky-Exportni",86.25,136.5,268.25,338.5,354.5,475,50.25,70.25,120.5,10.8221808314937,2.33236754966887,18.4894683590876,11.830734915379,7.6672875275939,9.49836736571013,1141.6019675,1259.15330275,185,179.25,378.1227485,273.28879,148.22840275,145.2650695,0.5536255,0.47844175,1967.05515825,1839.1355545,119.3888195,129.76048625,117.55133525,-5.75,-104.8339585,-2.96333324999998,-0.07518375,-127.91960375,10.37166675
"Novodvorsky-Hanacky",115,121.6,225.6,286.6,340.6,408.2,6.59999999999999,61,67.6,3.02961736571008,4.02529433406917,16.8426232523915,17.6494665194996,13.8130058866814,13.6241721854304,922.4929742,885.7205084,118.4,83.4,446.112197,369.8591374,105.9462222,123.168833,0.6726956,0.639392,1953.5012542,1773.9897506,121.3767222,109.2623334,-36.7724658000001,-35,-76.2530596,17.2226108,-0.0333036,-179.5115036,-12.1143888
"Novum",135,102.4,220,220.6,355,323,-32.6,0.599999999999994,-32,5.89829864081361,4.53426480372588,12.3976808288186,12.2652789658778,6.49938218800499,7.73101416215192,833.1394062,641.7843952,67,55,330.9351256,245.8042248,113.2416666,93.937667,0.6415654,0.6122714,1675.1683,1246.5515108,121.0521666,80.137,-191.355011,-12,-85.1309008,-19.3039996,-0.0292939999999999,-428.6167892,-40.9151666
"Nutans-115",104.6,163.6,257.8,336,362.4,499.6,59,78.2,137.2,4.75439596996483,3.64368348065773,12.8458321452333,13.1381459165479,8.09143617526847,9.49446243589017,876.178357,923.4922204,55.2,93.8,295.4667854,409.6872916,110.5111666,128.4746112,0.587673,0.6570998,1608.783019,1914.2634128,122.3433334,110.5041112,47.3138633999999,38.6,114.2205062,17.9634446,0.0694268,305.4803938,-11.8392222
"OBZOR",89.4,108.2,234.8,328.4,324.2,436.6,18.8,93.6,112.4,4.6906704172527,6.55846225972808,12.9475855602438,13.2523206751055,8.2569151429911,6.69385841537742,707.7841552,716.0285502,66.6,66.6,272.5286056,307.455414,116.8258888,111.5977222,0.6102564,0.6518048,1342.1305614,1465.947258,104.4433888,97.1408888,8.24439500000005,0,34.9268084,-5.22816659999999,0.0415483999999999,123.8166966,-7.30249999999999
"Orbit",66,201.333333333333,99.5,250.333333333333,165.5,451.666666666667,135.333333333333,150.833333333333,286.166666666667,7.56512729425696,6.16612393921452,14.6024932570226,12.8746464048418,7.03736596276564,6.70852246562728,562.843827,1202.19154566667,24.5,105.666666666667,167.511921,562.644439666667,124.900972,162.736389,0.565905,0.687380666666667,1003.576303,2601.06859133333,98.601389,130.774722,639.34771866667,81.166666666667,395.132518666667,37.835417,0.121475666666667,1597.49228833333,32.173333
"PALLIDUM",40.8,39,95.8,94,136.6,133,-1.8,-1.8,-3.59999999999999,5.77185711466351,10.6802841918295,10.0562462995856,14.9536214722716,4.28438918492209,4.2733372804421,398.9067386,402.0855362,37.2,22.6,122.3611062,105.420454,67.4087778,66.4351114,0.5676082,0.5265298,709.5287142,665.5664566,74.436111,78.6694444,3.1787976,-14.6,-16.9406522,-0.973666399999999,-0.0410784,-43.9622575999999,4.23333340000001
"PALLIDUM-043",78,97.2,164.6,181,242.6,278.2,19.2,16.4,35.6,8.68699427669232,5.25508190250641,14.8221827511348,12.8010657193606,6.13518847444248,7.54598381685419,683.6881486,850.4595908,98.4,120.4,320.0461462,379.0614284,103.2721666,118.4768888,0.6489658,0.65457,1421.811713,1754.182457,75.1769446,110.9980002,166.7714422,22,59.0152822,15.2047222,0.00560419999999995,332.370744,35.8210556
"PATIMATIAE",114.4,131,216.8,280.4,331.2,411.4,16.6,63.6,80.2,5.34626011446615,5.79800671008486,14.7377146240379,13.3761594631932,9.39145450957175,7.57815275310834,716.1265812,889.7258454,66.6,79.2,296.6397396,338.3717252,134.478889,141.1816666,0.6488004,0.6234684,1435.597735,1745.3441026,97.6982778,118.4980556,173.5992642,12.6,41.7319856,6.70277759999999,-0.025332,309.7463676,20.7997778
"PAVLOVICKY",122.2,137,244,295.6,366.2,432.6,14.8,51.6,66.4,4.74282560706402,3.17310522442973,15.3068432671082,13.1734731420162,10.5640176600442,10.0003679175865,895.940164,848.0218796,100.25,72.8,479.27479625,345.0341692,113.25930575,137.5127778,0.67465975,0.6265406,1918.43412125,1669.1308356,99.6685415,104.2387778,-47.9182843999999,-27.45,-134.24062705,24.25347205,-0.04811915,-249.30328565,4.57023629999999
"PAX",76.3333333333333,98.6666666666667,165.333333333333,230.333333333333,241.666666666667,329,22.3333333333334,65,87.333333333333,5.10271032622026,5.65014103507481,12.0561994113319,12.4014287466274,6.95348908511164,6.75128771155259,375.681271,610.968515333333,33.3333333333333,65.3333333333333,164.103139333333,304.564107,59.7958333333333,71.5668516666667,0.667790333333333,0.683815666666667,780.369428666667,1321.032822,57.4439813333333,93.838889,235.287244333333,32,140.460967666667,11.7710183333334,0.016025333333334,540.663393333333,36.3949076666667
"PERVENEC",230,152,313,321.75,543,473.75,-78,8.75,-69.25,3.85511129431162,8.2265045342127,8.38348447375653,14.3164330860126,4.52837317944491,6.0899285517999,1094.34259,739.9373105,111.75,64,618.61516925,436.32938475,158.21201375,100.2065275,0.69402325,0.7341435,2416.0502145,1710.05986325,113.28576375,88.009236,-354.4052795,-47.75,-182.2857845,-58.00548625,0.04012025,-705.99035125,-25.27652775
"PEVESZTEGI-8-H-SATIVUM",142.75,157.25,223.75,254.75,366.5,412,14.5,31,45.5,4.77214436200421,7.87968306311258,11.1878263259137,15.2055280754786,6.41568196390949,7.32584501236602,982.85298275,967.2094805,111.5,84,511.3398425,339.599671,133.649861,154.49902775,0.6771435,0.58430875,2091.5888155,1770.48611175,93.3714585,118.4539585,-15.64350225,-27.5,-171.7401715,20.84916675,-0.09283475,-321.10270375,25.0825
"Perun",101.5,96.5,258.5,214,360,310.5,-5,-44.5,-49.5,4.5789823211505,7.75212970596318,10.1435834020335,12.4864889621691,5.564601080883,4.73435925620592,635.90140925,656.55762975,50.75,70,198.846435,329.717144,109.0877085,90.59333325,0.5666185,0.7005195,1129.90282475,1432.6722525,102.2614585,89.4027085,20.6562205,19.25,130.870709,-18.49437525,0.133901,302.76942775,-12.85875
"Petro",109.8,119.8,273.8,306.6,383.6,426.4,10,32.8,42.8,2.88320967298708,4.97013831638729,8.48154254831914,13.0362737015664,5.59833287533206,8.06613538517911,779.2861136,875.438731,52,65.8,234.2643934,341.6043354,132.6726668,146.1628888,0.5498982,0.6177308,1353.3742192,1707.2569874,101.1343334,110.2148334,96.1526173999999,13.8,107.339942,13.490222,0.0678326,353.8827682,9.0805
"Rumaenische-Orzoika",160.25,105.2,303.25,337,463.5,442.2,-55.05,33.75,-21.3,5.70962104488595,3.08901306107432,20.578642384106,10.1247240618102,14.8690213392201,7.03571100073588,1057.97628275,748.1966054,119.25,57.6,326.52802975,235.0183718,132.512153,125.3207778,0.565333,0.5859762,1877.447361,1379.3870872,118.24229175,136.306278,-309.77967735,-61.65,-91.50965795,-7.19137520000001,0.0206432,-498.0602738,18.06398625
